Workbook

Sheet VALOR GANADO
F1: 44895 | H1: 44895 | J1: 44895 | T1: V. Típicas
D3: =SUM(D6:D30) -> 3.4342032e+08 | F3: =SUM(F6:F30) -> 2.7129669e+08 | J3: =SUM(J6:J30) -> 2.6563897e+08 | L3: =SUM(L6:L30) -> 2.6468635e+08 | T3: =SUM(T6:T30) -> 75718896 | V3: =SUM(V6:V30) -> 3.4135787e+08
A4: ESTRUCTURA DE DESCOMPOSICIÓN DEL TRABAJO (EDT) | D4: BAC | F4: PV | H4: % avance | J4: AC | L4: EV | N4: SV | O4: SPI | P4: CV | Q4: CPI | R4: Observaciones | T4: ETC | V4: EAC
A5: PAQUETES | B5: ACTIVIDADES
A6: Planos | B6: Medidas, registro fotográfico y desarrollo de planos | D6: 5087566 | F6: 5087566 | H6: 1 | J6: 5974617 | L6: =+H6*D6 -> 5087566 | N6: =+L6-F6 -> 0 | O6: =IFERROR(+L6/F6,0) -> 1 | P6: =+L6-J6 -> -887051 | Q6: =IFERROR(+L6/J6,0) -> 0.85153006 | T6: =IFERROR(+(D6-L6)/Q6,D6) -> 0 | V6: =+J6+T6 -> 5974617
B7: Aprobación de planos | D7: 5030176 | F7: 5030176 | H7: 1 | J7: 5083620 | L7: =+H7*D7 -> 5030176 | N7: =+L7-F7 -> 0 | O7: =IFERROR(+L7/F7,0) -> 1 | P7: =+L7-J7 -> -53444 | Q7: =IFERROR(+L7/J7,0) -> 0.98948702 | T7: =IFERROR(+(D7-L7)/Q7,D7) -> 0 | V7: =+J7+T7 -> 5083620
A8: Contrucción de obra gris | B8: Cimientos, contrapiso y piso. Paredes y revoques. Cubierta | D8: 1.8279714e+08 | F8: 1.4100195e+08 | H8: 0.75 | J8: 1.4061495e+08 | L8: =+H8*D8 -> 1.3709785e+08 | N8: =+L8-F8 -> -3904096.8 | O8: =IFERROR(+L8/F8,0) -> 0.97231175 | P8: =+L8-J8 -> -3517097 | Q8: =IFERROR(+L8/J8,0) -> 0.97498774 | R8: Gastamos mas y estamos atrasados | T8: =IFERROR(+(D8-L8)/Q8,D8) -> 46871650 | V8: =+J8+T8 -> 1.874866e+08
A9: Sistemas electromecánicos | B9: Instalaciones Sanitarias y pluviales | D9: 4598000 | F9: 4598000 | H9: 1 | J9: 4968000 | L9: =+H9*D9 -> 4598000 | N9: =+L9-F9 -> 0 | O9: =IFERROR(+L9/F9,0) -> 1 | P9: =+L9-J9 -> -370000 | Q9: =IFERROR(+L9/J9,0) -> 0.92552335 | T9: =IFERROR(+(D9-L9)/Q9,D9) -> 0 | V9: =+J9+T9 -> 4968000
B10: Instalaciones Agua potable | D10: 4235000 | F10: 4235000 | H10: 1 | J10: 1815000 | L10: =+H10*D10 -> 4235000 | N10: =+L10-F10 -> 0 | O10: =IFERROR(+L10/F10,0) -> 1 | P10: =+L10-J10 -> 2420000 | Q10: =IFERROR(+L10/J10,0) -> 2.3333333 | T10: =IFERROR(+(D10-L10)/Q10,D10) -> 0 | V10: =+J10+T10 -> 1815000
B11: Instalaciones Eléctrica | D11: 5927790 | F11: 5927790 | H11: 0.7 | J11: 5761453 | L11: =+H11*D11 -> 4149453 | N11: =+L11-F11 -> -1778337 | O11: =IFERROR(+L11/F11,0) -> 0.7 | P11: =+L11-J11 -> -1612000 | Q11: =IFERROR(+L11/J11,0) -> 0.72020947 | R11: Gastamos mas y estamos atrasados | T11: =IFERROR(+(D11-L11)/Q11,D11) -> 2469194.1 | V11: =+J11+T11 -> 8230647.1
B12: Instalaciones Tanques sépticos y drenaje | D12: 5747500 | F12: 5747500 | H12: 1 | J12: 4907500 | L12: =+H12*D12 -> 5747500 | N12: =+L12-F12 -> 0 | O12: =IFERROR(+L12/F12,0) -> 1 | P12: =+L12-J12 -> 840000 | Q12: =IFERROR(+L12/J12,0) -> 1.1711666 | T12: =IFERROR(+(D12-L12)/Q12,D12) -> 0 | V12: =+J12+T12 -> 4907500
A13: Acabados | B13: Pintura | D13: 3777330.9 | F13: 3098682.2 | H13: 0.5 | J13: 1737641.2 | L13: =+H13*D13 -> 1888665.4 | N13: =+L13-F13 -> -1210016.8 | O13: =IFERROR(+L13/F13,0) -> 0.60950601 | P13: =+L13-J13 -> 151024.27 | Q13: =IFERROR(+L13/J13,0) -> 1.0869134 | R13: Gastamos menos y estamos atrasados | T13: =IFERROR(+(D13-L13)/Q13,D13) -> 1737641.2 | V13: =+J13+T13 -> 3475282.3
B14: Ventanería | D14: 2955000 | F14: 652562.5 | H14: 0.3 | J14: 686500 | L14: =+H14*D14 -> 886500 | N14: =+L14-F14 -> 233937.5 | O14: =IFERROR(+L14/F14,0) -> 1.3584906 | P14: =+L14-J14 -> 200000 | Q14: =IFERROR(+L14/J14,0) -> 1.2913328 | R14: Gastamos menos y estamos adelantados | T14: =IFERROR(+(D14-L14)/Q14,D14) -> 1601833.3 | V14: =+J14+T14 -> 2288333.3
B15: Tabiques divisores, puertas y cerrajería | D15: 7296300 | F15: 1582075 | H15: 0 | J15: 0 | L15: =+H15*D15 -> 0 | N15: =+L15-F15 -> -1582075 | O15: =IFERROR(+L15/F15,0) -> 0 | P15: =+L15-J15 -> 0 | Q15: =IFERROR(+L15/J15,0) -> 0 | R15: Atrasados | T15: =IFERROR(+(D15-L15)/Q15,D15) -> 7296300 | V15: =+J15+T15 -> 7296300
B16: Lamparas y accesorios de iluminación | D16: 4289577.4 | F16: 2030910.7 | H16: 0 | J16: 0 | L16: =+H16*D16 -> 0 | N16: =+L16-F16 -> -2030910.7 | O16: =IFERROR(+L16/F16,0) -> 0 | P16: =+L16-J16 -> 0 | Q16: =IFERROR(+L16/J16,0) -> 0 | R16: Atrasados | T16: =IFERROR(+(D16-L16)/Q16,D16) -> 4289577.4 | V16: =+J16+T16 -> 4289577.4
B17: Limpieza final de obra | D17: 200000 | F17: 200000 | H17: 1 | J17: 30000 | L17: =+H17*D17 -> 200000 | N17: =+L17-F17 -> 0 | O17: =IFERROR(+L17/F17,0) -> 1 | P17: =+L17-J17 -> 170000 | Q17: =IFERROR(+L17/J17,0) -> 6.6666667 | R17: Gastamos menos | T17: =IFERROR(+(D17-L17)/Q17,D17) -> 0 | V17: =+J17+T17 -> 30000
A18: Instalación de maquinarias industrial | B18: Estudio de lay out con diagrama de flujo del recorrido | D18: 2611680.7 | F18: 2611680.7 | H18: 1 | J18: 2997800 | L18: =+H18*D18 -> 2611680.7 | N18: =+L18-F18 -> 0 | O18: =IFERROR(+L18/F18,0) -> 1 | P18: =+L18-J18 -> -386119.28 | Q18: =IFERROR(+L18/J18,0) -> 0.87119912 | R18: Gastamos mas | T18: =IFERROR(+(D18-L18)/Q18,D18) -> 0 | V18: =+J18+T18 -> 2997800
B19: Adquisición de nueva maquinaria para la confección de colchones | D19: 74720273 | F19: 74720273 | H19: 1 | J19: 79448686 | L19: =+H19*D19 -> 74720273 | N19: =+L19-F19 -> 0 | O19: =IFERROR(+L19/F19,0) -> 1 | P19: =+L19-J19 -> -4728412.2 | Q19: =IFERROR(+L19/J19,0) -> 0.9404847 | R19: Gastamos mas | T19: =IFERROR(+(D19-L19)/Q19,D19) -> 0 | V19: =+J19+T19 -> 79448686
B20: Instalación de maquinarias para la operación | D20: 228477.77 | F20: 0 | H20: 0 | J20: 0 | L20: =+H20*D20 -> 0 | N20: =+L20-F20 -> 0 | O20: =IFERROR(+L20/F20,0) -> 0 | P20: =+L20-J20 -> 0 | Q20: =IFERROR(+L20/J20,0) -> 0 | T20: =IFERROR(+(D20-L20)/Q20,D20) -> 228477.77 | V20: =+J20+T20 -> 228477.77
A21: Instalaciones de zonas no operativas | B21: Instalación de estanterías de almacenes y muebles de oficina | D21: 152318.51 | F21: 0 | H21: 0 | J21: 0 | L21: =+H21*D21 -> 0 | N21: =+L21-F21 -> 0 | O21: =IFERROR(+L21/F21,0) -> 0 | P21: =+L21-J21 -> 0 | Q21: =IFERROR(+L21/J21,0) -> 0 | T21: =IFERROR(+(D21-L21)/Q21,D21) -> 152318.51 | V21: =+J21+T21 -> 152318.51
A22: Mudanza | B22: Mudanza de muebles de fábrica, maquinarias, instalaciones, etc. | D22: 788484.89 | F22: 0 | H22: 0 | J22: 0 | L22: =+H22*D22 -> 0 | N22: =+L22-F22 -> 0 | O22: =IFERROR(+L22/F22,0) -> 0 | P22: =+L22-J22 -> 0 | Q22: =IFERROR(+L22/J22,0) -> 0 | T22: =IFERROR(+(D22-L22)/Q22,D22) -> 788484.89 | V22: =+J22+T22 -> 788484.89
A23: Zonas exteriores | B23: Contrapiso y piso | D23: 18230842 | F23: 6764579.1 | H23: 0.6 | J23: 4913578.9 | L23: =+H23*D23 -> 10938505 | N23: =+L23-F23 -> 4173925.9 | O23: =IFERROR(+L23/F23,0) -> 1.6170267 | P23: =+L23-J23 -> 6024926 | Q23: =IFERROR(+L23/J23,0) -> 2.2261787 | R23: Gastamos menos y estamos adelantados | T23: =IFERROR(+(D23-L23)/Q23,D23) -> 3275719.3 | V23: =+J23+T23 -> 8189298.2
B24: Alumbrado exterior | D24: 1678896.3 | F24: 1136816.3 | H24: 0.685 | J24: 1261542.3 | L24: =+H24*D24 -> 1150044 | N24: =+L24-F24 -> 13227.671 | O24: =IFERROR(+L24/F24,0) -> 1.0116357 | P24: =+L24-J24 -> -111498.34 | Q24: =IFERROR(+L24/J24,0) -> 0.91161744 | R24: Gastamos mas y estamos adelantados | T24: =IFERROR(+(D24-L24)/Q24,D24) -> 580125.29 | V24: =+J24+T24 -> 1841667.6
B25: Diseño del área verde, adquisición de materiales y colocación | D25: 1867394.8 | F25: 560218.45 | H25: 0 | J25: 0 | L25: =+H25*D25 -> 0 | N25: =+L25-F25 -> -560218.45 | O25: =IFERROR(+L25/F25,0) -> 0 | P25: =+L25-J25 -> 0 | Q25: =IFERROR(+L25/J25,0) -> 0 | R25: Atrasados | T25: =IFERROR(+(D25-L25)/Q25,D25) -> 1867394.8 | V25: =+J25+T25 -> 1867394.8
A26: Seguridad e Higiene | B26: Portones de ingreso y egreso | D26: 949850 | F26: 949850 | H26: 1 | J26: 1223850 | L26: =+H26*D26 -> 949850 | N26: =+L26-F26 -> 0 | O26: =IFERROR(+L26/F26,0) -> 1 | P26: =+L26-J26 -> -274000 | Q26: =IFERROR(+L26/J26,0) -> 0.77611635 | R26: Gastamos mas | T26: =IFERROR(+(D26-L26)/Q26,D26) -> 0 | V26: =+J26+T26 -> 1223850
B27: Paredón perimetral | D27: 6744104.4 | F27: 4046462.6 | H27: 0.8 | J27: 4214235 | L27: =+H27*D27 -> 5395283.5 | N27: =+L27-F27 -> 1348820.9 | O27: =IFERROR(+L27/F27,0) -> 1.3333333 | P27: =+L27-J27 -> 1181048.5 | Q27: =IFERROR(+L27/J27,0) -> 1.2802522 | R27: Gastamos menos y estamos adelantados | T27: =IFERROR(+(D27-L27)/Q27,D27) -> 1053558.8 | V27: =+J27+T27 -> 5267793.8
B28: Alarmas y sistema de seguidad por monitoreo | D28: 340182 | F28: 99219.75 | H28: 0 | J28: 0 | L28: =+H28*D28 -> 0 | N28: =+L28-F28 -> -99219.75 | O28: =IFERROR(+L28/F28,0) -> 0 | P28: =+L28-J28 -> 0 | Q28: =IFERROR(+L28/J28,0) -> 0 | R28: Atrasados | T28: =IFERROR(+(D28-L28)/Q28,D28) -> 340182 | V28: =+J28+T28 -> 340182
B29: Compra e instalación de molinetes de control de acceso | D29: 1327239.3 | F29: 663619.66 | H29: 0 | J29: 0 | L29: =+H29*D29 -> 0 | N29: =+L29-F29 -> -663619.66 | O29: =IFERROR(+L29/F29,0) -> 0 | P29: =+L29-J29 -> 0 | Q29: =IFERROR(+L29/J29,0) -> 0 | R29: Atrasados | T29: =IFERROR(+(D29-L29)/Q29,D29) -> 1327239.3 | V29: =+J29+T29 -> 1327239.3
B30: Elementos de seguridad e higiene | D30: 1839200 | F30: 551760 | H30: 0 | J30: 0 | L30: =+H30*D30 -> 0 | N30: =+L30-F30 -> -551760 | O30: =IFERROR(+L30/F30,0) -> 0 | P30: =+L30-J30 -> 0 | Q30: =IFERROR(+L30/J30,0) -> 0 | R30: Atrasados | T30: =IFERROR(+(D30-L30)/Q30,D30) -> 1839200 | V30: =+J30+T30 -> 1839200

Sheet TCPI
A5: TCPI (BAC) | C5: BAC - EV | E5: =+'[1]VALOR GANADO'!D3 -> 3.4342032e+08 | F5: =+'VALOR GANADO'!L3 -> 2.6468635e+08 | G5: = | H5: =+(E5-F5)/(E6-F6) -> 1.0122474
C6: BAC - AC | E6: =+'VALOR GANADO'!D3 -> 3.4342032e+08 | F6: =+'VALOR GANADO'!J3 -> 2.6563897e+08
A10: TCPI (EAC) | C10: BAC - EV | E10: =+'VALOR GANADO'!D3 -> 3.4342032e+08 | F10: =+'VALOR GANADO'!L3 -> 2.6468635e+08 | G10: = | H10: =+(E10-F10)/(E11-F11) -> 1.0398193
C11: EAC - AC | E11: =+'VALOR GANADO'!V3 -> 3.4135787e+08 | F11: =+'VALOR GANADO'!J3 -> 2.6563897e+08
